{
  "auc": 0.8658658658658658,
  "recall": 0.6167076167076168,
  "precision": 0.6640211640211641,
  "f1": 0.6394904458598726,
  "confusion_matrix": [
    [
      1466,
      127
    ],
    [
      156,
      251
    ]
  ]
}